niftycode,pid
20MICRONS,947372
3MINDIA,17978
5PAISA,1055944
SECURKLOUD,946634
A2ZINFRA,39849
AAKASH,1161562
AARON,1096021
AARTIDRUGS,947347
AARTIIND,17981
AARTISURF,1164005
AARVEEDEN,946817
AARVI,1161560
AAVAS,1096512
ABAN,17982
ABBOTINDIA,39845
POWERINDIA,1161388
ACC,17980
INSPIRISYS,947156
ACCURACY,1088096
ACRYSIL,1169440
ACE,946653
ADANIENT,17984
ATGL,1111710
ADANIGREEN,1088095
ADANIPOWER,17985
ADANITRANS,958331
ADFFOODS,947388
INCREDIBLE,985837
ABCAPITAL,7310
BIRLAMONEY,946988
IMAGICAA,950030
ADORWELD,947316
ADVENZYMES,986127
ADVANIHOTR,946723
AEGISCHEM,947157
AFFLE,1142212
AGARIND,946917
AGCNET,947315
AGRITECH,947150
AGROPHOS,1073025
ATFL,17988
AHLADA,1111717
AHLUCONT,946820
METALFORGE,946928
AIAENG,17989
AIRAN,1090783
AJANTPHARM,947273
AJMERA,946814
AJOONI,1061908
AKG,1161556
AKSHARCHEM,999081
AKSHOPTFBR,947216
AKZOINDIA,17990
ALANKIT,955704
ALBERTDAVD,985282
ALEMBICLTD,947413
APLLTD,946738
ALICON,947095
ALKALI,947274
ALKEM,962425
ALKYLAMINE,946781
ALLCARGO,17993
ADSL,17994
ALLSEC,946929
ALMONDZ,946660
ALOKINDS,17995
ALPA,947039
ALPHAGEO,947210
ALPSINDUS,947160
GET&D,39847
GEPIL,17996
AMARAJABAT,17997
AMBER,1061909
AMBIKCO,946930
AMBUJACEM,17998
AMDIND,947217
AMIORG,1176944
AMRUTANJAN,946780
APOLLOPIPES,987268
BALAXI,961993
ANANTRAJ,18001
ANDHRAPAP,39846
ANDREWYU,950626
ANGELBRKG,1166411
ANIKINDS,947161
APCL,1008672
ANKITMETAL,946976
ANMOL,1123226
ANSALHSG,946762
ANSALAPI,18003
ANTGRAPHIC,947367
AWHCL,1158868
ANURAS,1171957
APARINDS,947162
APCOTEXIND,946989
APEX,1031739
APLAPOLLO,947096
APOLLOHOSP,18004
APOLLO,1061692
APOLSINHOT,945713
APOLLOTYRE,18005
APTECHT,18006
APTUS,1175888
ARCHIDPLY,946879
ARCHIES,947414
ARIES,947368
ARIHANT,946724
ARIHANTSUP,999082
ARMANFIN,985283
AROGRANITE,946782
ARROWGREEN,953897
ARSHIYA,39848
ARSSINFRA,18007
ARTEMISMED,1161557
ARVEE,1072001
ARVIND,18008
ARVINDFASN,1123866
ARVSMART,959091
ASAHIINDIA,18009
ASAHISONG,946627
ASHAPURMIN,947044
ASHIANA,947159
ASHIMASYN,947424
ASHOKA,947158
ASHOKLEY,18010
ASIANTILES,946932
AHLEAST,947045
ASIANHOTNR,946990
AHLWEST,947033
ASIANPAINT,18011
ASPINWALL,985284
ASALCBR,987308
ASTEC,946991
ASTERDM,1064345
ASTRAL,946934
ASTRAMICRO,946661
ASTRAZEN,18012
ASTRON,1057252
ATLANTA,947415
ATUL,18013
ATULAUTO,947389
AURIONPRO,946931
AUROPHARMA,18014
AUBANK,1014099
AUSOMENT,947097
AUTOIND,946935
AUTOAXLES,18015
ASAL,946624
AVADHSUGAR,1031153
AVANTIFEED,950031
DMART,997883
AVTNPL,946881
AXISBANK,18017
AXISCADES,946777
BAGFILMS,946924
BAFNAPH,946836
BAJAJ-AUTO,18020
BAJAJCON,39850
BAJAJELEC,18021
BAJFINANCE,18022
BAJAJFINSV,18023
BAJAJHIND,18025
BAJAJHLDNG,18024
BALAMINES,947275
BALAJITELE,18026
BALKRISIND,39853
BALLARPUR,18027
BLIL,950656
BALPHARMA,947369
BALRAMCHIN,18029
BANARBEADS,947278
BANCOINDIA,18030
BANDHANBNK,1072999
BANG,947276
BANKA,1072002
BANKBARODA,18047
MAHABANK,39854
BANARISUG,18032
BANSWRAS,947164
BVCL,946882
BARBEQUE,1171976
BARTRONICS,947099
BASF,18033
BATAINDIA,18034
BAYERCROP,39851
BCLIND,987357
BEARDSELL,947385
BEDMUTHA,946936
BEML,18035
BERGEPAINT,18036
BFINVEST,947277
BFUTILITIE,18037
BGRENERGY,18018
BHAGERIA,969119
BHAGYANGR,947047
BHAGYAPROP,1031157
BHANDARI,996055
BEPL,18038
BBL,947279
BDL,1073001
BEL,18043
BHARATFORG,18039
BHARATGEAR,947317
BHEL,18042
BPCL,18040
BHARATRAS,947221
BRNL,1046343
BHARATWIRE,977697
BHARTIARTL,18041
INDUSTOWER,39852
BIL,946783
TATASTLBSL,18044
BIGBLOC,987144
BIOCON,18045
BIOFILCHEM,1034490
BIRLACORPN,18046
BIRLACABLE,946784
BIRLATYRE,1161564
BLBLIMITED,947446
BLISSGVS,947100
BLKASHYAP,947030
BLS,985285
BLUEDART,18048
BLUESTARCO,18049
LINDEINDIA,18019
BODALCHEM,947165
BOMDYEING,18050
BRFL,18051
BSHSL,1081577
BBTC,100245
BOROLTD,1164006
BORORENEW,1160908
BOSCHLTD,18052
BPL,947447
BRIGADE,18053
BRITANNIA,18054
BROOKS,946937
BURGERKING,1167532
BURNPUR,947220
BUTTERFLY,946648
THEBYKE,950039
CADILAHC,18055
CALSOFT,946727
CTE,946622
CAMLINFINE,945153
OAL,987423
CANBK,18057
CANFINHOME,18058
CANTABIL,946837
CAPACITE,1046334
CAPTRUST,995113
CAPLIPOINT,946662
CGCL,946883
CARBORUNIV,18059
CAREERP,947318
CASTROLIND,18061
CCL,946995
CEATLTD,947439
CELEBRITY,946996
CENTRALBK,18062
CDSL,1013401
CENTRUM,1081578
CENTUM,946997
CENTENKA,18063
CENTEXT,946999
CENTURYPLY,18064
CENTURYTEX,18065
CERA,947048
CEREBRAINT,946685
CESC,18066
CHALET,1122225
CLSEL,962461
CHAMBLFERT,18067
CHEMBOND,987447
CHEMCON,1166413
CHEMFABALKA,1080111
CHEMPLASTS,1176665
CHENNPETRO,18069
UGROCAP,987454
CHOLAFIN,18070
CIGNITITEC,942590
CINELINE,947222
CIPLA,18071
CUB,18072
CLNINDIA,18073
CLEAN,1175258
CLEDUCATE,998080
CMICABLES,993990
COALINDIA,18075
COCHINSHIP,1031007
COFFEEDAY,960764
CEBBCO,946675
COMPINFO,985838
COMPUSOFT,947051
CAMS,1166416
CONFIPET,987484
CONSOFINVT,946679
CONCOR,18077
CONTROLPR,985839
CORALFINAC,987488
CORDSCABLE,946785
COROMANDEL,18080
COSMOFILMS,947349
CCHHL,945156
COUNCODOS,947168
COX&KINGS,18081
CRAFTSMAN,1171990
CREATIVEYE,947311
CREATIVE,1008673
CREDITACC,1090470
CARERATING,39856
CREST,947224
CRISIL,18082
CGPOWER,18083
CROMPTON,978762
CSBBANK,1155852
CUBEXTUB,947281
CUMMINSIND,18084
CUPID,989628
CYBERMEDIA,976197
CYBERTECH,946715
DABUR,18086
DALMIASUG,946869
DAMODARIND,985840
DANGEE,1096024
DATAMATICS,946636
DBCORP,18487
DBSTOCKBRO,946629
DBREALTY,18085
DCMFINSERV,987518
DCMNVL,1161574
DCMSRMIND,987521
DCW,18088
DECCANCE,947223
DEEPAKFERT,18090
DEEPAKNTR,947225
DEEPINDS,1173175
DEEPENR,947169
DELTACORP,18091
DELTAMAGNT,947272
DEN,18486
DENORA,947280
DCBBANK,18093
DEVYANI,1176321
DFMFOODS,994739
DHANBANK,18096
DHANUKA,947101
DHARSUGAR,946862
DHUNINV,946877
DTIL,945154
DIAPOWER,946689
DICIND,947391
DGCONTENT,1161575
DNAMEDIA,1057253
DBL,986320
DCAL,1052348
DISHTV,18097
DIVISLAB,18099
DIXON,1046345
DLF,18100
DLINKINDIA,947319
DODLA,1174436
DOLAT,987556
DOLLAR,1008992
DONEAR,947053
DPABHUSHAN,1161572
DPWIRES,1131262
DRCSYSTEMS,1171734
DREDGECORP,18102
DRREDDY,18101
DWARKESH,946637
DSSL,946773
DUCON,946838
DYNAMATECH,18103
DYNPRO,1031159
EASTSILK,946741
EASUNREYRL,947226
EASEMYTRIP,1171272
ECLERX,18105
EDELWEISS,18106
EDUCOMP,18107
EICHERMOT,18108
EIDPARRY,18109
EIHOTEL,18104
EIHAHOTELS,946832
EIMCOELECO,947001
ELECON,39858
ELECTCAST,18111
ELECTHERM,947002
ELGIEQUIP,18112
ELGIRUBCO,947228
EMAMILTD,18113
EMAMIREAL,946884
EMAMIPAP,987584
EMCO,947440
EMKAY,946829
EMMBI,947102
ENDURANCE,992809
ENERGYDEV,946638
ENGINERSIN,18114
MAHEPC,950689
KIRIINDUS,947007
EQUITAS,976491
EQUITASBNK,1166989
ERIS,1013402
EROSMEDIA,39860
ESABINDIA,18117
ESCORTS,18118
ESSARSHPNG,941197
EPL,18120
ESTER,947103
EVEREADY,946663
EVERESTIND,947004
EKC,18121
EXCELINDUS,947104
EXIDEIND,18122
EXXARO,1175850
SCHAEFFLER,18124
FAIRCHEMOR,1168660
FCSSOFT,946787
FDC,18123
FMGOETZE,18126
FIEMIND,947172
FILATEX,947284
63MOONS,18127
FINEORG,1087961
FCL,954950
FINCABLES,18128
FINPIPE,18129
FSL,18131
FLEXITUFF,100246
FORCEMOT,987635
FORTIS,18132
THEINVEST,1031161
FOSECOIND,947321
FLFL,946664
FMNL,946788
FEL,18327
FRETAIL,986634
FSC,1056487
FCONSUMER,39470
GABRIEL,100247
GALAXYSURF,1061939
GALLISPAT,947232
GALLANTT,947230
AJRINFRA,18139
GANECOS,946574
GANESHHOUC,946938
GANGAFORGE,1161579
GANGESSECU,1031163
GRSE,1096184
GARFIBRES,947005
GDL,18141
GATI,100248
GAYAHWS,1088098
GAYAPROJ,947105
GEECEE,947173
GEEKAYWIRE,1043252
GENESYS,946778
GENUSPAPER,945715
GENUSPOWER,946731
GEOJITFSL,18142
GFLLIMITED,1155042
GHCL,18136
GANDHITUBE,947031
GICHSGFIN,946939
GILLANDERS,946867
GILLETTE,18145
GINNIFILA,947174
GKWLIMITED,947450
GLAND,1167243
GLENMARK,18149
GLOBALVECT,946790
GLOBE,1031104
GLOBUSSPR,947233
GMBREW,947285
GMMPFAUDLR,1073767
GMRINFRA,18150
GNA,991130
GOACARBON,947370
GPIL,946864
GODFRYPHLP,18151
GODHA,1081582
GODREJAGRO,1052259
GODREJCP,18152
GODREJIND,18153
GODREJPROP,18154
GOENKA,946769
GOKEX,947107
GOKULAGRO,976199
GOKUL,946770
GOLDENTOBC,947231
GOLDIAM,946839
OLECTRA,946940
GOLDTECH,946791
GOODLUCK,976198
GPTINFRA,985920
GFSTEELS,1152779
GRANULES,947234
GRAPHITE,18155
GRASIM,18156
GRAUWEIL,987716
GRAVITA,39866
GESHIP,18144
GREAVESCOT,18158
PROINDIA,946728
GREENLAM,945932
GREENPANEL,1153658
GREENPLY,946941
GRINDWELL,947108
GRINFRA,1174886
GROBTEA,985923
GRPLTD,945714
GSS,947323
GTL,18160
GTLINFRA,18159
GTNTEX,947324
GTPL,1013403
GUFICBIO,947055
GUJALKALI,18161
GAEL,18167
GUJAPOLLO,946665
FLUOROCHEM,18162
GUJGASLTD,18171
GIPCL,18163
GLFL,946737
GMDCLTD,18164
GNFC,18165
GPPL,18169
GUJRAFFIA,1161580
GSCLCEMENT,946840
GSFC,18168
GSPL,18170
GOCLCORP,39864
GULFOILLUB,946666
GULPOLY,945155
GAL,947215
HAPPSTMNDS,1165976
HARRMALAYA,946943
HATHWAY,18173
HATSUN,946942
HAVELLS,18174
HBLPOWER,947056
HBSL,947109
HCL-INSYS,18175
HCLTECH,18176
HDFCAMC,1089258
HDFCBANK,18177
HDFCLIFE,1054973
HEG,18178
HEMIPROP,1167507
HERANBA,1170230
HERCULES,947175
HERITGFOOD,100253
HEROMOTOCO,18179
HESTERBIO,948381
HEXATRADEX,947350
HGINFRA,1066606
HIKAL,945930
HILTON,946886
HFCL,18182
HSCL,946680
HIMATSEIDE,18181
HINDALCO,18187
HINDCON,1073768
HIRECT,947176
HGS,946701
HAL,1072997
HINDCOMPOS,946887
HCC,18183
HINDCOPPER,39868
HNDFDS,987745
HMVL,946702
HINDMOTORS,947110
HINDOILEXP,18188
HINDPETRO,18184
HINDUNILVR,18185
HINDZINC,18186
HINDNATGLS,946721
HISARMETAL,994833
JCHAC,946714
HITECHGEAR,947286
HITECHGEAR,947286
HITECH,963740
HITECHCORP,947325
HMT,39869
HOMEFIRST,1169124
HONDAPOWER,946667
HONAUT,18189
HLVLTD,18190
HUDCO,1010531
HDFC,18191
HOVS,947326
HPL,991198
ANDHRACEMT,947343
ANDHRSUGAR,947365
HSIL,18193
HTMEDIA,18194
HUBTOWN,17976
ICEMAKE,1057255
ICICIBANK,18198
ICICIGI,1050153
ICICIPRULI,991131
ISEC,1073007
ICRA,39870
IDBI,18199
IDEA,18200
IDFCFIRSTB,960765
IDFC,18219
IFBAGRO,946944
IFBIND,947235
IFCI,18195
IFGLEXPOR,1055942
IGARASHI,946843
IGPL,947006
IIFLSEC,1153103
IIFLWAM,1155940
IL&FSENGG,18201
IVC,946824
IL&FSTRANS,39871
IMPEXFERRO,947112
INDLMETER,947371
DHANI,18203
YAARII,946654
INDIANHUME,946703
IMFA,100255
IOC,18197
IOB,18211
IRCTC,1153181
INDTERRAIN,946743
DPSCLTD,947087
ITDC,994740
INDIGOPNTS,1169005
INDOCO,947178
ICIL,946842
NIPPOBATRY,947287
INDORAMA,18212
INDOSOLAR,947392
INDOSTAR,1075518
INDOTECH,946795
INDOTHAI,946888
INDOWIND,947179
IGL,18213
INDRAMEDCO,18214
INDSWFTLAB,18202
INDSWFTLTD,947393
INDUSINDBK,18215
INFIBEAM,976203
INFOBEAN,1009363
NAUKRI,18216
INFOMEDIA,947177
CYIENT,18218
INOXLEISUR,18221
IWEL,1174935
INOXWIND,950032
INSECTICID,946979
INTELLECT,943638
INTENTECH,987831
INDIGO,961701
SUBCAPCITY,1161583
ISFT,946794
INVENTURE,946725
IOLCP,946652
IPCALAB,18222
IRB,18223
IRCON,1096083
IRISDOREME,1165841
JUMPNET,987839
ISGEC,987841
ISMTLTD,947441
ITC,18224
ITDCEM,946844
ITI,947452
IVP,947453
IZMO,947443
JAGRAN,18227
JAGSONFI,987868
JAIBALAJI,18228
JAICORPLTD,18229
JISLJALEQS,18230
JAINSTUDIO,947312
JPASSOCIAT,18231
JPPOWER,18232
JAMNAAUTO,946845
JASH,1156273
JAYAGROGN,946889
JAYNECOIND,946705
JAYBARMARU,947059
JPINFRATEC,18234
JAYSHREETEA,18235
JBCHEPHARM,18236
JBFIND,39873
JBMA,947403
JETAIRWAYS,18237
JHS,976204
JIKIND,976205
JINDRILL,946763
JINDALPHOT,947328
JPOLYINVST,44468
JINDALPOLY,18238
JINDALSAW,39874
JSWHL,18239
JSL,18240
JINDALSTEL,18241
JINDWORLD,947114
JITFINFRA,997130
JKIL,100262
JKLAKSHMI,39876
JKPAPER,947404
JKTYRE,18242
JMCPROJECT,946980
JMFINANCIL,18243
JMTAUTOLTD,947405
JOCIL,947434
JSWENERGY,18244
JSWSTEEL,18226
JUBLFOOD,18247
JUBLINDS,946945
JUBLINGREA,1171882
JUBLPHARMA,18246
JMA,948382
JUSTDIAL,100244
JYOTHYLAB,39877
JYOTISTRUC,18248
KABRAEXTRU,946745
KAJARIACER,18251
KAKATCEM,946823
KALPATPOWR,18252
KALYANIFRG,947288
KICL,946640
KSL,947239
KALYANKJIL,1171605
KAMATHOTEL,946981
KAMDHENU,947236
KANANIIND,947040
KANORICHEM,946677
KANPRPLA,1169441
KANSAINER,18253
KAPSTON,1081583
KARDA,1072995
KARMAENG,947329
KARURVYSYA,18256
KAYA,959092
KAUSHALYA,946674
KSCL,39880
KAVVERITEL,946706
KCP,18249
KCPSUGIND,946815
KDDL,969120
KEC,18257
KEERTI,1031166
KEI,947237
KELLTONTEC,969121
KERNEX,946821
KESORAMIND,18259
KKCL,100263
KEYFINSERV,987145
KHADIM,1054974
KHAICHEM,987931
KHAITANLTD,947271
KHANDSE,976207
KILITCH,946948
KINGFA,993254
KBIL,946632
KECL,946641
KIRLFER,987973
KIRLOSIND,946890
KIRLOSENG,39879
KITEX,947238
KMSUGAR,947181
KNRCON,947060
KOKUYOCMLN,947289
KOLTEPATIL,100264
KOPRAN,947427
KOTAKBANK,18260
KOTHARIPET,946796
KOTHARIPRO,947115
KOTARISUG,946863
KOVAI,987956
KPIGLOBAL,1120703
BSOFT,18261
KPITTECH,1130904
KPRMILL,947406
KRBL,947442
KREBSBIO,1034491
KRIDHANINF,961989
KRISHANA,997131
KIMS,1174941
KRSNAA,1175851
KSB,18262
KUANTUM,987914
KIOCL,993992
LFIC,950033
LAXMIMACH,18266
LAKPRE,946697
LAMBODHARA,945157
LAOPALA,947330
LT,18268
LASA,1052433
LAURUSLABS,994422
LXCHEM,1171604
LEMONTREE,1073145
LGBBROSLTD,946875
LGBFORGE,947394
LIBAS,994834
LIBERTSHOE,947290
LICHSGFIN,18269
LIKHITHA,1166564
LINCOLN,962428
LINCPEN,946573
LSIL,986040
LPDC,946768
LOKESHMACH,947182
LOTUSEYE,946678
LOVABLE,39881
L&TFH,39882
LUMAXTECH,946797
LUMAXIND,947116
LUPIN,18270
LUXIND,961990
BCG,953115
LYKALABS,947395
LYPSAGEMS,42686
MAANALU,947243
MACPOWER,1073769
LODHA,1172092
MCL,996057
MADHAV,946922
MADHUCON,947062
MBAPL,1152781
RAMCOCEM,18272
MADRASFERT,947010
MAGADSUGAR,1031168
POONAWALLA,39883
MAGNUM,947186
MAHASTEEL,985841
MGL,985843
MTNL,18293
MAHAPEXLTD,1161597
MAHSEAMLES,18275
MAHSCOOTER,100265
MAHESHWARI,995114
MAHINDCIE,946746
MHRIL,39884
MAHLIFE,18274
MAHLOG,1054814
M&M,18273
MAITHANALL,947242
MAJESCO,959093
MALUPAPER,947117
MANAKALUCO,950035
MANAKCOAT,950034
BKMINDST,950037
MANAKSIA,947408
MANAKSTEEL,950036
MANALIPETC,946846
MANAPPURAM,39888
TMRVL,994426
MANGLMCEM,947185
MANGALAM,946921
MGEL,1161596
MANGTIMBER,946708
MRPL,18292
MANGCHEFER,100269
MANINFRA,100268
MANORAMA,1097594
MANUGRAPH,947187
MARALOVER,947244
MARATHON,991133
MARICO,18276
MARINE,1111722
MARKSANS,947183
MARUTI,18277
MASFIN,1052417
MASKINVEST,992812
MASTEK,18278
MATRIMONY,1046336
MAWANASUG,947291
MAXHEALTH,1165844
MFSL,18279
MAXIND,1165845
MAXVIL,985842
VIPCLOTHNG,947009
MAYURUNIQ,947118
MAZDOCK,1166566
MAZDA,993003
MBLINFRA,946949
MCDHOLDING,947063
MCLEODRUSS,18280
MBECL,946798
MEGASOFT,947409
MELSTAR,946876
MENONBE,946575
MEP,953116
MERCATOR,18281
METROPOLIS,1123976
SASTASUNDR,946734
MINDACORP,947423
MINDAIND,947119
MINDTECK,986128
MINDTREE,18283
MIRCELECTR,18284
MIRZAINT,946950
MIDHANI,1073003
MITTAL,1161595
MMFL,947352
MMP,1081585
MMTC,39887
MODIRUBBER,1052998
MODISNME,988100
MOHITIND,947120
MOIL,39889
MOKSH,1061915
MOLDTKPAC,945929
MOLDTECH,985844
JSWISPL,18285
MONTECARLO,943637
MORARJEE,947065
MOREPENLAB,946891
MOTHERSUMI,18288
MOTILALOFS,18289
MOTOGENFIN,946771
MPHASIS,18290
MPSLTD,947456
MRO-TEK,947418
BECTORFOOD,1168040
MSPL,947151
MSTCLTD,1123587
MTARTECH,1171208
MTEDUCARE,100270
MUKANDENGG,947269
MUKTAARTS,947373
MCX,39886
ADANIPORTS,18294
MUNJALAU,946799
MUNJALSHOW,947331
MURUDCERA,946892
RADIOCITY,997884
MUTHOOTCAP,959094
MUTHOOTFIN,39890
NDGL,986635
NACLIND,1008675
NAGAFERT,985286
NAGREEKCAP,946626
NAGREEKEXP,947122
NAHARCAP,946761
NAHARINDUS,946692
NAHARPOLY,947123
NAHARSPING,946893
NGIL,1088117
NSIL,946800
JAIPURKURT,992629
NH,962571
NATCOPHARM,39891
NATHBIOGEN,946874
NATIONALUM,18299
NBCC,100271
NFL,18298
NBVENTURES,18300
NAVINFLUOR,946691
NAVKARCORP,959095
NAVNETEDUL,18301
NAZARA,1171607
NCC,18302
NCLIND,947245
NDRAUTO,1165846
NECLIFE,946951
NELCAST,947419
NELCO,18303
NEOGEN,1129392
NESCO,39894
NESTLEIND,30059
NETWORK18,18304
NEULANDLAB,947032
NDTV,18305
NEWGEN,1061916
NIACL,1054813
NEXTMEDIA,947188
NLCINDIA,18306
NHPC,18307
NIITLTD,18296
COFORGE,39893
NILAINFRA,953898
NILASPACES,1116499
NILKAMAL,18308
NIRAJ,988158
BALKRISHNA,958333
NITCO,947435
NITINFIRE,39892
NITINSPIN,947246
NITIRAJ,1010632
NKIND,987146
NMDC,18309
NOCIL,947436
NOIDATOLL,18310
NORBTEAEXP,946925
NECCLTD,969122
NOVARTIND,39837
NRAIL,1006192
NRBBEARING,947332
NTPC,18297
NUCLEUS,946709
NURECA,1170001
OBEROIRLTY,18312
DALBHARAT,947396
OILCOUNTUB,946952
OIL,18313
ONGC,18311
OMAXAUTO,947376
OMAXE,18314
OMKARCHEM,946642
OMINFRAL,946749
ONELIFECAP,946710
ONEPOINT,1057257
ONMOBILE,39895
ONWARDTEC,946954
OPTIEMUS,1034493
OPTOCIRCUI,18315
OFSS,18316
ORBTEXP,42687
ORCHPHARMA,18318
ORICONENT,958334
ORIENTABRA,947124
OCCL,963741
ORIENTHOT,18319
ORIENTALTL,947155
ORIENTBELL,947353
ORIENTCEM,947293
ORIENTELEC,1081587
GREENPOWER,946847
ORIENTPPR,18320
ORIENTLTD,947334
RHIM,946953
ORTEL,948383
ORTINLAB,959096
OSWALAGRO,988207
BINDALAGRO,18323
PAEL,947457
PAGEIND,18325
PALASHSECU,1031170
PALREDTEC,946955
PANACEABIO,18326
PANACHE,1008993
PANAMAPET,947126
ABFRL,946826
PARAGMILK,978763
PARACABLES,946711
PAR,1135891
PARSVNATH,18329
PATELENG,18330
PATINTLOG,946643
PATSPINLTD,947294
PBAINFRA,947011
PCJEWELLER,39896
PDSMFL,942589
PILITA,947012
PGIL,946750
PEARLPOLY,947249
PENINLAND,18332
PENIND,947066
PKTEA,959098
PERSISTENT,18333
PETRONET,18334
PFIZER,18335
PGEL,947191
PHILIPCARB,946848
PIDILITIND,18337
PILANIINVS,961991
PIONDIST,946895
PIONEEREMB,946894
RNAVAL,18338
PEL,18339
PITTIENG,947067
PLASTIBLEN,947013
PNBGILTS,947397
PNBHOUSING,993203
PNCINFRA,953899
PODDARHOUS,1008676
POKARNA,985845
POLYCAB,1127928
POLYMED,945158
POLYPLEX,39897
PONNIERODE,946982
PFC,18341
POWERGRID,18342
POWERMECH,959100
PPAP,947192
PRAENG,946644
PRAJIND,18343
SETUINFRA,946957
PRAKASH,39898
PRAKASHSTL,947127
DIAMONDYD,1050747
PRAXIS,1061918
PRECAM,963737
PRECWIRE,946849
PRECOT,947194
PREMEXPLN,985846
PREMIER,947420
PREMIERPOL,947091
PRESSMN,946897
PRESTIGE,18344
PRICOLLTD,947429
PFOCUS,18488
PRIMESECU,947128
PRINCEPIPE,1156016
PRSMJOHNSN,18345
PNC,946818
PROZONINTU,946751
PSPPROJECT,1010662
PTC,18348
PFS,100259
PTL,947195
3PLAND,946959
PDMJEPAPER,976208
AMJLAND,946816
PUNJABCHEM,946676
PNB,18350
PSB,39899
PUNJLLOYD,18349
PURVA,18351
PVP,947335
PVR,100260
QUESS,985922
QUICKHEAL,963739
RADAAN,946698
RMCL,947071
RADICO,18352
RAILTEL,1169992
RVNL,1123975
RAIN,39900
MOHOTAIND,946868
ARENTERP,988320
RAJESHEXPO,18353
RAJMET,1165848
ROML,947296
RAJGLOWIR,988322
RAJRAYON,946900
RAJSREESUG,946827
RAJTV,100261
RALLIS,18354
RAMASTEEL,959102
RAMCOIND,18355
RAMCOSYS,947299
RKFORGE,946961
RAMKY,946899
RANASUG,947355
RBL,947014
RANEENGINE,947015
RANEHOLDIN,947297
RML,947344
RCF,18357
RATNAMANI,946718
RTNINDIA,942787
RTNPOWER,945787
RKDL,946753
RVHL,1168662
RAYMOND,18358
RBLBANK,987147
REDINGTON,18359
REFEX,947129
RELAXO,947130
RELCAPITAL,18361
RCOM,18362
RHFL,1050728
RELIANCE,18367
RELINFRA,18364
NAM-INDIA,1053096
RPOWER,18366
RELIGARE,18368
REMSONSIND,946987
REPCOHOME,947017
REPRO,947354
RESPONIND,946851
REVATHI,947070
RICOAUTO,946898
RITES,1087962
RKEC,1161604
ROHITFERRO,947131
ROLEXRINGS,1175845
ROLLT,993300
ROLTA,18369
ROSSARI,1163280
ROSSELLIND,947298
ROUTE,1165978
ROHLTD,946962
RPGLIFE,947072
RPPINFRA,947018
RSSOFTWARE,946983
RSWM,947444
RSYSTEMS,946754
RUBYMILLS,947377
RUCHINFRA,946878
RUCHIRA,947250
RUCHI,18370
REPL,1090787
RUPA,947270
RECLTD,18371
RUSHIL,947336
PAISALO,39903
SABEVENTS,989490
SADBHAV,18375
SADBHIN,959103
SAGCEM,947300
SAGARDEEP,978764
GULFPETRO,947252
BESTAGRO,976512
SAKAR,992814
TEMBO,1096020
SAKSOFT,947421
SAKHTISUG,947304
SAKUMA,947253
SALASAR,1024889
SALONA,985847
SALSTEEL,947356
SALZERELEC,961992
SAMBHAAV,947212
SANCO,947132
SANDHAR,1073005
S&SPOWER,1161615
SANGAMIND,947310
SANGHIIND,947075
SANGHVIMOV,947255
SANGINITA,997885
SANOFI,18016
SANWARIA,947023
SARDAEN,946828
SAREGAMA,947254
SARLAPOLY,946713
SASKEN,946830
SATIA,961721
SATIN,959105
SOTL,946755
SBC,1165785
SBICARD,1158869
SBILIFE,1050746
SCHAND,1008771
SEAMECLTD,947430
SELAN,946693
SEPOWER,947410
SEQUENT,969123
SERVOTECH,1043255
VEDL,18377
00092242Y100,41237
SESHAPAPER,946871
SANDESH,947438
SETCO,985848
SEYAIND,988475
SHAHALLOYS,947358
SHAKTIPUMP,947019
SHALBY,1056488
SHALPAINTS,947198
SHALIWIR,988511
SHANKARA,1006193
SHANTIGEAR,18378
SHARDACROP,947197
SHARDAMOTR,959106
SHAREINDIA,1053032
SFL,994424
SHEMAROO,942341
SHILPAMED,947199
SCI,18380
SHIVAMAUTO,947196
SHIVAMILLS,1072004
SHIVATEX,947302
PRITIKAUTO,976253
SHK,961703
SHOPERSTOP,18381
SHRADHA,1057258
SHREECEM,18383
SHREDIGCEM,988587
SHREEPUSHK,976209
SHREERAMA,946854
RAMANEWS,946905
SHREERAM,988586
RENUKA,18384
SHRENIK,1031173
SHREYANIND,946926
SHREYAS,946764
SHRIRAMCIT,39904
SHRIRAMEPC,947359
SHRIPISTON,985849
SRTRANSFIN,18386
SHYAMCENT,958335
SHYAMMETL,1174329
SHYAMTEL,947301
SICAL,947200
SIEMENS,18387
SIGIND,947074
SILGO,1111723
SILINV,947201
SILLYMONKS,1061919
SIMBHALS,947133
SIMPLEXINF,18388
SINTERCOM,1072003
SINTEX,18389
SPTL,1031715
SIRCA,1081620
SITINET,39907
SIYSIL,947021
SJVN,39908
SKFINDIA,18390
SKIL,946965
SKIPPER,953900
SKMEGGPROD,946657
SMARTLINK,946670
SMCGLOBAL,1170379
SMLISUZU,947398
SMSLIFE,1043257
SMSPHARMA,946966
SNOWMAN,941683
SOBHA,18392
SOLARA,1088101
SOLARINDS,39909
SOMANYCERA,947202
SOMATEX,946681
SDBL,946717
SOMICONVEY,986041
SONACOMS,1174629
JTEKTINDIA,18393
SONATSOFTW,18394
SPIC,946621
SOUTHWEST,1072005
SPANDANA,1142512
SPAL,986321
SPECIALITY,946805
SPENCERS,1120699
SPENTEX,947024
ADROITINFO,960767
SPICEJET,39840
DIGISPICE,947256
SPLIL,947257
SPMLINFRA,947378
EXPLEOSOL,942342
SREEL,947313
SRHHYPOLTD,946684
SREINFRA,18396
SRF,18397
SABTN,946682
HAVISHA,1161618
SRIPIPES,946967
STAMPEDE,986042
STARCEMENT,1030977
SIL,947088
STARPAPER,947136
SBIN,18376
SAIL,18399
STEELCITY,997132
STEELXIND,1031175
SSWL,946969
STEL,947305
SWSOLAR,1142509
STERTOOLS,947258
STLTECH,18402
SGL,976211
SORILINFRA,946807
STOVEKRAFT,1169192
STAR,18403
STYLAMIND,988627
INEOSSTYRO,946822
SUBEXLTD,947437
SUBROS,947431
SUDARSCHEM,946656
SUMEETINDS,947076
SUMICHEM,1156881
SUMIT,1111725
SUMMITSEC,947077
SUNDRMBRAK,946804
SUNCLAYLTD,947135
SUNDARMFIN,18407
SUNDARAM,947025
SUNDRMFAST,18408
SUNFLAG,946772
SPARC,39910
SUNPHARMA,18405
SUNTECK,18409
SUNTV,18406
SUPERHOUSE,947360
SUPERSPIN,946906
SUPRAJIT,946907
SUPREMEENG,1111726
SUPREMEIND,18410
SUPPETRO,18411
SURANASOL,942785
SURANAT&P,942786
SURYALAXMI,946645
SURYAROSNI,18412
SURYODAY,1172082
SUTLEJTEX,946765
SUULD,1088103
SUVEN,946968
SUVENPHAR,1159071
SUVIDHAA,1172494
SUZLON,18413
SVPGLOB,988663
SWANENERGY,39911
SWARAJENG,18414
SWELECTES,946808
HLEGLAS,988668
SYMPHONY,947411
SYNGENE,958336
TAINWALCHM,946760
TAJGVK,18416
TAKE,947259
TALBROAUTO,946658
TNPL,18434
TNPETRO,946758
TNTELE,946729
TANLA,943829
TANTIACONS,946909
TARAPUR,946910
TARMAT,947432
TASTYBITE,988681
TATACHEM,18417
TATACOFFEE,18418
TATACOMM,18419
TCS,18420
TATAELXSI,18421
TATACONSUM,18422
TATAINVEST,18423
TATAMETALI,18424
TATAMOTORS,18425
TATAPOWER,18426
TATASTLLP,18427
TATASTEEL,18428
TTML,39920
TATVA,1175426
TCIDEVELOP,947261
TCIEXP,994425
TCIFINANCE,947362
TCNSBRANDS,1088705
TCPLPACK,988692
TDPOWERSYS,100250
TEAMLEASE,963738
TECHIN,947139
TECHM,18429
TIIL,946694
TECHNOE,39912
TEJASNET,1013404
TERASOFT,994741
TEXINFRA,946722
TEXRAIL,39913
TEXMOPIPES,946866
TGBHOTELS,946872
DHAMPURSUG,18095
FEDERALBNK,18125
INDIACEM,18204
INDHOTEL,18210
KTKBANK,18254
THEMISMED,947203
ORISSAMINE,18322
HUHTAMAKI,18328
PHOENIXLTD,18336
THERMAX,18430
SOUTHBANK,18395
STCINDIA,18398
TINPLATE,18432
TIRUMALCHM,946912
THOMASCOOK,18431
THOMASCOTT,946978
THYROCARE,978765
TIDEWATER,946757
TIJARIA,947041
TI,946857
TIL,947459
TIMESGTY,947260
TIMETECHNO,39915
TIMKEN,39916
TIPSINDLTD,947204
TIRUPATIFL,1161620
TWL,39917
TITAN,18433
TOKYOPLAST,946672
TORNTPHARM,18435
TORNTPOWER,18436
TOTAL,1031176
TOUCHWOOD,1057261
TFCILTD,946650
TPLPLASTEH,953901
TRIL,946920
TCI,946918
TFL,946833
TREEHOUSE,39914
TREJHARA,1116500
TRENT,18437
TRF,947461
TBZ,100251
TRIDENT,100252
TRIGYN,946970
TRIVENI,946870
TRITURBINE,39918
TTKHLTCARE,961994
TTKPRESTIG,39919
TIINDIA,1055947
CHOLAHLDNG,18438
TV18BRDCST,18441
TVSELECT,947205
TVSMOTOR,18442
TVSSRICHAK,947306
TVTODAY,18440
TVVISION,989491
21STCENMGM,988746
UCALFUEL,947080
UCOBANK,18443
UFLEX,18444
UFO,953118
UGARSUGAR,947141
UJAAS,947338
UJJIVAN,978766
UJJIVANSFB,1155839
ULTRACEMCO,18445
UMANGDAIRY,961995
UNICHEMLAB,18446
UNIONBANK,18447
UNIENTER,946971
UNITECH,18448
UBL,18449
UNIDT,988759
UNITEDTEA,946651
UPL,18450
MCDOWELL-N,18451
UNIVASTU,1031177
UNIVCABLES,947142
UNIVPHOTO,1161624
URJA,999083
USHAMART,18453
UMESLTD,946625
UTIAMC,1166568
UTTAMSTL,18454
UTTAMSUGAR,947082
V2RETAIL,947399
VADILALIND,947028
VAIBHAVGBL,100272
VAISHALI,1043260
VAKRANGEE,39923
VALIANTORG,992936
ANUPAM,988801
VARDHACRLC,947083
VHL,947085
VARDMNPOLY,947143
VSSL,946759
VTL,39924
VARROC,1084838
VBL,993204
VASCONEQ,947144
VASWANI,947027
WABAG,39925
VENKEYS,18457
VENUSREM,947264
VERTOZ,1055837
VESUVIUS,18458
VETO,946861
VGUARD,39926
VICEROY,947265
VIDHIING,969124
VIJIFIN,985924
VIKASECO,947208
VIKASPROP,988808
VIKASLIFE,1135892
VIKASWSP,39843
VIMTALABS,947380
VINATIORGA,947206
VINDHYATEL,947042
VINYLINDIA,946858
VIPIND,18461
VIPULLTD,951029
VIVIDHA,947207
VISAKAIND,947084
VISASTEEL,947381
VISHALBL,960939
VISHNU,945931
VISHWARAJ,1153028
VIVIMEDLAB,947340
VLSFINANCE,947308
VMART,947307
VOLTAMP,946913
VOLTAS,18462
VRLLOG,953119
VSTIND,18463
WABCOINDIA,39927
WALCHANNAG,946819
WANBURY,947422
WATERBASE,988859
WEALTH,976213
WEBELSOLAR,946915
DELPHIFX,947266
WEIZMANIND,947412
GENCON,963768
WELCORP,18464
WELENTRP,946973
WELSPUNIND,100273
WELINV,946775
AYMSYNTEX,959107
WENDT,947364
WSTCSTPAPR,18465
WIPL,1008740
WESTLIFE,945747
WHEELS,947341
WHIRLPOOL,18466
WILLAMAGOR,946873
WINDLAS,1175849
WINDMACHIN,947147
WIPRO,18467
WOCKPHARMA,18468
WONDERLA,947086
WORTH,1052444
XCHANGING,946974
XELPMOC,1121797
XPROINDIA,947382
YESBANK,18470
ZEEL,18471
ZEELEARN,947400
ZEEMEDIA,947209
ZENITHEXPO,947211
ZENSARTECH,18472
ZODIACLOTH,18473
ZODJRDMKJ,947267
ZOMATO,1174991
ZOTA,1136779
ZUARI,946916
ZUARIGLOB,18474
ZYDUSWELL,18475
